Product Name,Product Weight,Product Price,Sold Out
Honey Nuts (800 Gram),800 Gram,৳1200,False
Black Seed Honey (1 KG),1 KG,৳1600,False
Black Seed Honey (500 Gram),500 Gram,৳800,False
Local Kalijira Oil (1 Litre),1 Litre,৳2000,False
Natural Honey from Sundarban (1 KG),1 Litre,৳2500,False
Natural Honey from Sundarban (500 gram),500 Gram,৳1250,False
Black Seed Honey (1 KG),1 KG,৳1600,False
Natural Honey from Sundarban (500 gram),500 ml,৳1250,False
Black Seed Honey (500 gram),500 Gram,৳800,False
Al Shifa Natural Honey 1 kg,1 Litre,৳1650,True
Al Shifa Natural Honey 500 gm,500 Gram,৳850,True
Al Shifa Black Forest Honey,1 Litre,৳2900,True
Al Shifa Black Forest Honey,500 Gram,৳1500,False
